{
    "ja": {
        "options": "オプション",
        "settings": "設定",
        "general": "全般",
        "playlist": "プレイリスト",
        "videoSearch": "動画検索",
        "version": "バージョン",
        "settingsTitle": "設定",
        "playback": "再生",
        "videoAndAudio": "映像・音声",
        "other": "その他",
        "videoPlayer": "動画プレイヤー",
        "videoPlayerDesc": "UnityVideoPlayer: 一般の動画のみを再生できる。\nAVProVideoPlayer: 一般の動画に加えて、YouTube Live、twitchも見られる。",
        "playbackSpeed": "再生速度",
        "playbackSpeedDesc": "動画の再生速度を0.05x刻みで0.05xから2.0xまで調整できる。\n動画プレイヤーがAVPro Video Playerの場合は変更されたあとにリロードします。",
        "slower": "より遅い",
        "faster": "より速い",
        "repeatPlay": "区間リピート再生",
        "repeatPlayDesc": "指定された区間(A~B)をリピート再生する。動画が変わると自動的にリセットされる。",
        "start": "スタート",
        "end": "エンド",
        "notSet": "未設定",
        "repeatOn": "オン",
        "repeatOff": "オフ",
        "maxResolution": "最大解像度",
        "maxResolutionDesc": "映像の最大解像度を設定する。",
        "mirrorInversion": "ミラー反転",
        "mirrorInversionDesc": "左右反転になる。",
        "mirrorInversionOn": "反転する",
        "mirrorInversionOff": "反転しない",
        "audioLinkDesc": "AudioLinkに連結する。",
        "audioLinkOn": "オン",
        "audioLinkOff": "オフ",
        "brightness": "輝度",
        "brightnessDesc": "画面の明るさを調整する。",
        "karaokeMode": "カラオケモード",
        "karaokeModeDesc": "動画の再生時間がカラオケメンバーに同期する。\nカラオケ: 声に同期する。/ダンス: 動きに同期する。",
        "karaokeMember": "カラオケメンバー",
        "joinMember": "メンバーになる",
        "leaveMember": "メンバーをやめる",
        "karaokeModeOn": "カラオケ",
        "danceModeOn": "ダンス",
        "karaokeModeOff": "オフ",
        "localOffset": "ローカル再生遅延",
        "localOffsetDesc": "再生遅延を調整する。",
        "languageSelect": "言語",
        "slideMode": "スライドモード",
        "slideModeDesc": "プレゼンテーションを行う。\n「次へ」、「戻る」ボタンによるページの操作ができる。",
        "slideOn": "オン",
        "slideOff": "オフ",
        "slideSeconds": "スライド秒数",
        "slideSecondsDesc": "スライドの秒数を設定する。",
        "slide1s": "1秒",
        "slide2s": "2秒",
        "slide3s": "3秒",
        "videoSearchTitle": "動画検索",
        "inputKeyword": "キーワードを入力する...",
        "inLoading": "ロード中",
        "playlistTitle": "プレイリスト",
        "playQueue": "キュー",
        "playHistory": "履歴",
        "total": "合計",
        "tracks": "トラック",
        "addVideoLink": "ここに動画のリンクを追加...",
        "addLiveLink": "ここにライブのリンクを追加...",
        "copyLink": "リンクをコピー",
        "playVideo": "再生する",
        "addQueue": "キューに追加",
        "videoLoadingMessage": "動画を読み込んでいます...",
        "accessDeniedMessage": "Access Denied...\n「Allow Untrusted URLs」が適用されているか確認してください。",
        "unknownErrorMessage": "Unknown Error...\n不明なエラーが発生しました。",
        "invalidUrlMessage": "Invalid URL...\nご入力されたURLは有効なURLではありません。",
        "playerErrorMessage": "Player Error...\n動画プレイヤーのエラーが発生しました。",
        "rateLimitedMessage": "Rate Limited...\nレート制限に達しています、5秒に一回だけ動画再生が可能です。",
        "permission": "権限",
        "ownerPermission": "フル権限を持つ、この権限は変更することができない。",
        "adminPermission": "動画プレイヤーの操作権限に加え、ユーザーの権限を編集することができる。",
        "editorPermission": "動画の再生・停止など動画プレイヤーの操作はできる。",
        "viewerPermission": "動画の視聴のみ可能。",
        "close": "閉じる",
        "cancel": "キャンセル",
        "continue": "続行する",
        "noPermission": "権限がありません",
        "noPermissionMessage": "権限がないため操作できません。",
        "confirmChangePlayer": "動画プレイヤーを変えますか？",
        "confirmChangePlayerMessage": "動画プレイヤーを変えると再生中の動画が停止します。",
        "playUrl": "URLを再生する",
        "confirmPlayUrlMessage": "再生中の動画が停止します。",
        "confirmAddQueue": "再生キューに追加する",
        "confirmPlayUrl": "再生する",
        "inputUrl": "URLを入力",
        "loop": "ループ再生",
        "shuffle": "シャッフル再生",
        "returnToMain": "メイン画面に戻る",
        "back": "戻る",
        "moveUp": "上へ移動",
        "moveDown": "下へ移動",
        "remove": "削除"
    },
    "en": {
        "options": "Options",
        "settings": "Settings",
        "general": "General",
        "playlist": "Playlist",
        "videoSearch": "Video Search",
        "version": "Version",
        "settingsTitle": "Settings",
        "playback": "Playback",
        "videoAndAudio": "Video/Audio",
        "other": "Other",
        "videoPlayer": "Video Player",
        "videoPlayerDesc": "UnityVideoPlayer: Only general videos can be played. \nAVProVideoPlayer: In addition to general videos, you can also watch YouTube Live and twitch.",
        "playbackSpeed": "Playback Speed",
        "playbackSpeedDesc": "Video playback speed can be adjusted from 0.05x to 2.0x in 0.05x increments.\nVideo will reload when the video player is the AVPro Video Player.",
        "slower": "Slower",
        "faster": "Faster",
        "repeatPlay": "Repeat Play",
        "repeatPlayDesc": "Repeat playback of the specified section (A~B), automatically reset when the video changes.",
        "start": "Start",
        "end": "End",
        "notSet": "Not set",
        "repeatOn": "On",
        "repeatOff": "Off",
        "maxResolution": "Max Resolution",
        "maxResolutionDesc": "Sets the maximum resolution of the video, to be applied when the next video is played.",
        "mirrorInversion": "Mirror Inversion",
        "mirrorInversionDesc": "Left to right inversion.",
        "mirrorInversionOn": "Invert",
        "mirrorInversionOff": "No inversion",
        "audioLinkDesc": "Connect to AudioLink",
        "audioLinkOn": "On",
        "audioLinkOff": "Off",
        "brightness": "Brightness",
        "brightnessDesc": "Adjusts the brightness of the screen.",
        "karaokeMode": "Karaoke Mode",
        "karaokeModeDesc": "The player who inserts the link will be the master. The video delay is automatically synchronized to the master voice. \nIt is recommended to turn it on even if you need to adjust the delay manually.",
        "karaokeMember": "Karaoke member",
        "joinMember": "Become a member",
        "leaveMember": "Leave member",
        "karaokeModeOn": "Karaoke",
        "danceModeOn": "Dance",
        "karaokeModeOff": "Off",
        "localOffset": "Local playback delay",
        "localOffsetDesc": "Manually adjust the default playback delay. This option does not affect the master.",
        "languageSelect": "Language",
        "slideMode": "Slide Mode",
        "slideModeDesc": "Enables presentation mode.\nAllows navigation between pages using 'Next' and 'Back' buttons.",
        "slideOn": "On",
        "slideOff": "Off",
        "slideSeconds": "Slide Duration (Seconds)",
        "slideSecondsDesc": "Set the duration for each slide.",
        "slide1s": "1 second",
        "slide2s": "2 seconds",
        "slide3s": "3 seconds",
        "videoSearchTitle": "Video Search",
        "inputKeyword": "Input keyword here...",
        "inLoading": "Loading",
        "playlistTitle": "Playlist",
        "playQueue": "Queue",
        "playHistory": "History",
        "total": "Total",
        "tracks": "tracks",
        "addVideoLink": "Add video link here...",
        "addLiveLink": "Add live link here...",
        "copyLink": "Copy link",
        "playVideo": "Play",
        "addQueue": "Add to queue",
        "videoLoadingMessage": "Loading...",
        "accessDeniedMessage": "Access Denied...\nPlease make sure that \"Allow Untrusted URLs\" is turned on.",
        "unknownErrorMessage": "Unknown Error...\nAn unknown error occurred.",
        "invalidUrlMessage": "Invalid URL...\nThe url you entered is an invalid url.",
        "playerErrorMessage": "Player Error...\nAn error occurred in the video player.",
        "rateLimitedMessage": "Rate Limited...\nThe rate limit is reached. Video can only be loaded once in 5 seconds.",
        "permission": "Permission",
        "ownerPermission": "Full permission, this permission cannot be changed.",
        "adminPermission": "In addition to the video player's operating permissions, the user's permissions can be edited.",
        "editorPermission": "You can operate the video player, including playing and stopping videos.",
        "viewerPermission": "Only viewing of videos is allowed.",
        "close": "Close",
        "cancel": "Cancel",
        "continue": "Continue",
        "noPermission": "No permission",
        "noPermissionMessage": "You are not authorized and cannot operate.",
        "confirmChangePlayer": "Do you want to change the video player?",
        "confirmChangePlayerMessage": "Changing the video player will stop the video currently playing.",
        "playUrl": "Play URL",
        "confirmPlayUrlMessage": "The video currently playing will stop.",
        "confirmAddQueue": "Add to queue",
        "confirmPlayUrl": "Play",
        "inputUrl": "Input URL",
        "loop": "Loop",
        "shuffle": "Shuffle",
        "returnToMain": "Back to main UI",
        "back": "Back",
        "moveUp": "Move up",
        "moveDown": "Move down",
        "remove": "Remove"
    },
    "zh-CN": {
        "options": "选项",
        "settings": "设置",
        "general": "全体",
        "playlist": "播放列表",
        "videoSearch": "视频搜索",
        "version": "版本",
        "settingsTitle": "设置",
        "playback": "播放",
        "videoAndAudio": "视频・音频",
        "other": "其他",
        "videoPlayer": "视频播放器",
        "videoPlayerDesc": "UnityVideoPlayer: 可以播放一般的视频。\nAVProVideoPlayer: 除了一般的视频，YouTube Live、twitch也可以播放。",
        "playbackSpeed": "播放速度",
        "playbackSpeedDesc": "以0.05x为单位在0.05x到2.0x范围内调整视频的播放速度，\n视频播放器为AVPro Video Player的时候视频将会在更改速度之后重新载入。",
        "slower": "更慢",
        "faster": "更快",
        "repeatPlay": "区间循环播放",
        "repeatPlayDesc": "在指定范围(A~B)内循环播放，视频切换或停止时将会自动被重置。",
        "start": "开始",
        "end": "结束",
        "notSet": "未设置",
        "repeatOn": "开启",
        "repeatOff": "关闭",
        "maxResolution": "最大分辨率",
        "maxResolutionDesc": "设置画面的最大分辨率，在下一次播放视频的时候生效。",
        "mirrorInversion": "镜面反转",
        "mirrorInversionDesc": "在镜子里看到的画面将左右反转。",
        "mirrorInversionOn": "反转",
        "mirrorInversionOff": "不反转",
        "audioLinkDesc": "连接到AudioLink。",
        "audioLinkOn": "开启",
        "audioLinkOff": "关闭",
        "brightness": "亮度",
        "brightnessDesc": "调节画面亮度。",
        "karaokeMode": "卡拉OK模式",
        "karaokeModeDesc": "输入链接的人会成为Master，视频的延迟自动同步Master的声音。\n需要手动调节的时候也建议开启此选项。",
        "karaokeMember": "卡拉OK成员",
        "joinMember": "成为卡拉OK成员",
        "leaveMember": "退出卡拉OK成员",
        "karaokeModeOn": "卡拉OK",
        "danceModeOn": "舞蹈",
        "karaokeModeOff": "关闭",
        "localOffset": "本地播放延迟",
        "localOffsetDesc": "调整本地的播放延迟，这个选项对Master不生效。",
        "languageSelect": "语言",
        "slideMode": "幻灯片模式",
        "slideModeDesc": "进入演示模式。\n可以通过“下一页”和“返回”按钮操作页面。",
        "slideOn": "开启",
        "slideOff": "关闭",
        "slideSeconds": "幻灯片持续时间（秒）",
        "slideSecondsDesc": "设置每张幻灯片的持续时间。",
        "slide1s": "1秒",
        "slide2s": "2秒",
        "slide3s": "3秒",
        "videoSearchTitle": "视频搜索",
        "inputKeyword": "在此处输入关键词...",
        "inLoading": "加载中",
        "playlistTitle": "播放列表",
        "playQueue": "播放队列",
        "playHistory": "历史记录",
        "total": "一共",
        "tracks": "项目",
        "addVideoLink": "在此处添加视频链接...",
        "addLiveLink": "在此处添加Live链接...",
        "copyLink": "复制链接",
        "playVideo": "播放",
        "addQueue": "添加到待播队列",
        "videoLoadingMessage": "正在加载视频...",
        "accessDeniedMessage": "Access Denied...\n请确认「Allow Untrusted URLs」是否开启。",
        "unknownErrorMessage": "Unknown Error...\n发生未知错误。",
        "invalidUrlMessage": "Invalid URL...\n您输入的url是无效url。",
        "playerErrorMessage": "Player Error...\n视频播放器发生错误。",
        "rateLimitedMessage": "Rate Limited...\n达到速率限制，5秒内仅能加载一次视频。",
        "permission": "权限",
        "ownerPermission": "拥有完整权限并且无法被编辑。",
        "adminPermission": "除了播放器的操作权限，还可以编辑其他用户的权限。",
        "editorPermission": "可以执行视频的播放以及停止。",
        "viewerPermission": "只能观看视频。",
        "close": "关闭",
        "cancel": "取消",
        "continue": "继续",
        "noPermission": "没有权限",
        "noPermissionMessage": "没有权限无法进行此操作。",
        "confirmChangePlayer": "是否要切换播放器？",
        "confirmChangePlayerMessage": "切换播放器将会停止正在播放的视频。",
        "playUrl": "播放URL",
        "confirmPlayUrlMessage": "播放中的视频将会停止。",
        "confirmAddQueue": "添加到待播队列",
        "confirmPlayUrl": "播放",
        "inputUrl": "输入URL",
        "loop": "循环播放",
        "shuffle": "随机播放",
        "returnToMain": "返回主画面",
        "back": "返回",
        "moveUp": "向上移动",
        "moveDown": "向下移动",
        "remove": "移除"
    },
    "zh-HK": {
        "options": "選項",
        "settings": "設定",
        "settingsTitle": "控制台",
        "playback": "播放設定",
        "videoAndAudio": "影片/音訊設定",
        "other": "其他",
        "playlist": "播放清單",
        "videoSearch": "影片搜尋",
        "version": "版本",
        "generalTitle": "一般",
        "videoPlayer": "影片播放系統",
        "videoPlayerDesc": "UnityVideoPlayer : 僅能播放非直播的影片。\nAVProVideoPlayer : 可播放 YouTube、twitch 的直播以及非直播的影片。",
        "playbackSpeed": "播放速度",
        "playbackSpeedDesc": "以 0.05x 為單位在 0.1x 到 2.0x 範圍內調整影片播放速度，\n影片播放系統為 AVPro Video Player 時，影片會在修改速度後重新載入。",
        "slower": "最慢0.1x",
        "faster": "最快2.0x",
        "repeatPlay": "區間循環播放",
        "repeatPlayDesc": "重複循環播放指定片段 (A~B) ，切換影片或停止播放時則會自動重置。",
        "start": "開始",
        "end": "結束",
        "notSet": "未設定",
        "repeatOn": "循環開啟",
        "repeatOff": "循環關閉",
        "maxResolution": "最大解析度",
        "maxResolutionDesc": "設定畫面的最大解析度。",
        "mirrorInversion": "鏡像反轉",
        "mirrorInversionDesc": "在鏡中畫面左右對調。",
        "mirrorInversionOn": "反轉",
        "mirrorInversionOff": "不反轉",
        "audioLinkDesc": "連接至 AudioLink 。",
        "audioLinkOn": "開啓",
        "audioLinkOff": "關閉",
        "brightness": "播放器亮度",
        "brightnessDesc": "調整畫面亮度。",
        "karaokeMode": "多人同步模式",
        "karaokeModeDesc": "輸入連結的人會成為 Master，並將影片延遲至與 Master 同步。\n若需手動調整建議開啟此選項。",
        "karaokeMember": "卡拉OK成員",
        "joinMember": "加入成員",
        "leaveMember": "離開成員",
        "karaokeModeOn": "卡拉OK模式",
        "danceModeOn": "跳舞模式",
        "karaokeModeOff": "無",
        "localOffset": "自身播放延遲",
        "localOffsetDesc": "調整自身的播放延遲，此選項對 Master 無效。",
        "languageSelect": "語言",
        "slideMode": "投影片模式",
        "slideModeDesc": "進行簡報。\n可以使用「下一頁」、「返回」按鈕操作頁面。",
        "slideOn": "開啟",
        "slideOff": "關閉",
        "slideSeconds": "投影片秒數",
        "slideSecondsDesc": "設定每張投影片的秒數。",
        "slide1s": "1秒",
        "slide2s": "2秒",
        "slide3s": "3秒",
        "videoSearchTitle": "影片搜尋",
        "inputKeyword": "在此輸入關鍵字...",
        "inLoading": "載入中",
        "playlistTitle": "播放清單",
        "playQueue": "待播清單",
        "playHistory": "觀看紀錄",
        "total": "共有",
        "tracks": "部影片",
        "addVideoLink": "在此新增影片連結...",
        "addLiveLink": "在此新增直播連結...",
        "copyLink": "複製連結",
        "playVideo": "播放",
        "addQueue": "新增至待播清單",
        "videoLoadingMessage": "正在載入影片...",
        "accessDeniedMessage": "Access Denied...\n請確認「Allow Untrusted URLs」是否開啟。",
        "unknownErrorMessage": "Unknown Error...\n發生未知的錯誤。",
        "invalidUrlMessage": "Invalid URL...\n您輸入的 URL 無效。",
        "playerErrorMessage": "Player Error...\n影片播放器發生錯誤。",
        "rateLimitedMessage": "Rate Limited...\n達到速率限制，5秒內僅能載入一次影片。",
        "permission": "權限",
        "ownerPermission": "擁有完整權限並且無法被編輯。",
        "adminPermission": "除了播放器的操作權限，還可以編輯其他使用者的權限。",
        "editorPermission": "可執行影片的播放與停止。",
        "viewerPermission": "僅能觀看影片。",
        "close": "關閉",
        "cancel": "取消",
        "continue": "繼續",
        "noPermission": "沒有權限",
        "noPermissionMessage": "沒有權限無法操作。",
        "confirmChangePlayer": "確定變更播放系統？",
        "confirmChangePlayerMessage": "變更播放系統將會停止現在正在播放的影片。",
        "playUrl": "播放 URL 網址",
        "confirmPlayUrlMessage": "現在正在播放的影片將會停止。",
        "confirmAddQueue": "新增至待播清單",
        "confirmPlayUrl": "播放",
        "inputUrl": "輸入 URL",
        "loop": "循環播放",
        "shuffle": "隨機播放",
        "returnToMain": "返回主介面",
        "back": "返回",
        "moveUp": "往上移動",
        "moveDown": "往下移動",
        "remove": "刪除"
    },
    "ko": {
        "options": "옵션",
        "settings": "설정",
        "settingsTitle": "설정",
        "playback": "재생",
        "videoAndAudio": "영상・음성",
        "other": "기타",
        "playlist": "재생목록",
        "videoSearch": "비디오 검색",
        "version": "버전",
        "generalTitle": "일반",
        "videoPlayer": "비디오 플레이어",
        "videoPlayerDesc": "UnityVideoPlayer: 일반 동영상만 재생 가능.\nAVProVideoPlayer: 일반 동영상 외에도 YouTube Live, twitch도 재생 가능.",
        "playbackSpeed": "재생속도",
        "playbackSpeedDesc": "동영상 재생 속도를 0.05x배 단위로, 0.05x배부터 2.0x배까지 조정할 수 있습니다. \n동영상 플레이어가 AVPro Video Player인 경우 변경된 후 다시 로드합니다.",
        "slower": "느리게",
        "faster": "빠르게",
        "repeatPlay": "구간 반복 재생",
        "repeatPlayDesc": "지정된 구간(A~B)을 반복 재생함, 동영상이 바뀌면 자동으로 리셋됩니다.",
        "start": "시작",
        "end": "끝",
        "notSet": "미설정",
        "repeatOn": "켜기",
        "repeatOff": "끄기",
        "maxResolution": "최대 해상도",
        "maxResolutionDesc": "영상의 최대 재생 해상도를 설정합니다. 다음 동영상이 재생되었을 때부터 적용됩니다.",
        "mirrorInversion": "거울 반전",
        "mirrorInversionDesc": "좌우 화면이 뒤바뀜.",
        "mirrorInversionOn": "반전",
        "mirrorInversionOff": "반전하지 않음",
        "audioLinkDesc": "AudioLink에 연결.",
        "audioLinkOn": "켜기",
        "audioLinkOff": "끄기",
        "brightness": "밝기",
        "brightnessDesc": "화면 밝기 조절.",
        "karaokeMode": "노래방 모드",
        "karaokeModeDesc": "링크를 넣은 플레이어가 마스터가 됩니다. 또한, 동영상의 재생 지연은 자동으로 마스터의 음성과 동기화됩니다.\n수동으로 지연 조정이 필요한 경우에도 이 기능을 켜는 것이 좋습니다.",
        "karaokeMember": "노래방 멤버",
        "joinMember": "멤버에 들어감",
        "leaveMember": "멤버에서 나감",
        "karaokeModeOn": "노래방",
        "danceModeOn": "댄스",
        "karaokeModeOff": "끄기",
        "localOffset": "로컬 재생 지연",
        "localOffsetDesc": "디폴트 재생 지연 값을 수동으로 조정합니다. 이 옵션은 마스터에게 영향을 주지 않습니다.",
        "languageSelect": "언어",
        "slideMode": "슬라이드 모드",
        "slideModeDesc": "프레젠테이션 모드를 실행합니다.\n'다음', '이전' 버튼을 사용하여 페이지를 이동할 수 있습니다.",
        "slideOn": "켜기",
        "slideOff": "끄기",
        "slideSeconds": "슬라이드 시간 (초)",
        "slideSecondsDesc": "슬라이드의 시간을 설정합니다.",
        "slide1s": "1초",
        "slide2s": "2초",
        "slide3s": "3초",
        "videoSearchTitle": "비디오 검색",
        "inputKeyword": "키워드 입력",
        "inLoading": "로딩 중",
        "playlistTitle": "재생 목록",
        "playQueue": "대기열",
        "playHistory": "재생 이력",
        "total": "합계",
        "tracks": "트랙",
        "addVideoLink": "비디오 링크 추가",
        "addLiveLink": "라이브 링크 추가",
        "copyLink": "링크 복사",
        "playVideo": "재생하기",
        "addQueue": "재생 대기열에 추가",
        "videoLoadingMessage": "동영상을 읽고 있습니다···",
        "accessDeniedMessage": "Access Denied...\n가 적용됐는지 확인해주세요.",
        "unknownErrorMessage": "Unknown Error...\n알 수 없는 오류가 발생하였습니다.",
        "invalidUrlMessage": "Invalid URL...\n입력하신 URL은 유효한 URL이 아닙니다.",
        "playerErrorMessage": "Player Error...\n동영상 플레이어의 오류가 발생했습니다.",
        "rateLimitedMessage": "Rate Limited...\n재생 제한에 도달했습니다. 5초에 한 번만 동영상 재생이 가능합니다.",
        "permission": "권한",
        "ownerPermission": "모든 권한을 가집니다. 이 유저의 권한은 변경할 수 없습니다.",
        "adminPermission": "동영상 플레이어의 조작 권한 외에 유저의 권한을 편집할 수 있습니다.",
        "editorPermission": "동영상 재생, 정지 등 동영상 플레이어의 조작은 가능합니다.",
        "viewerPermission": "동영상 시청만 가능합니다.",
        "close": "닫기",
        "cancel": "취소",
        "continue": "계속",
        "noPermission": "권한이 없습니다",
        "noPermissionMessage": "권한이 없기 때문에 조작할 수 없습니다.",
        "confirmChangePlayer": "동영상 플레이어를 바꾸시겠습니까?",
        "confirmChangePlayerMessage": "동영상 플레이어를 바꾸면 재생 중인 동영상이 정지됩니다.",
        "playUrl": "URL을 재생합니다",
        "confirmPlayUrlMessage": "재생 중인 동영상이 정지됩니다.",
        "confirmAddQueue": "대기열에 추가",
        "confirmPlayUrl": "재생",
        "inputUrl": "URL 입력",
        "loop": "반복 재생",
        "shuffle": "랜덤 재생",
        "returnToMain": "메인화면으로 돌아가기",
        "back": "뒤로가기",
        "moveUp": "위로 이동",
        "moveDown": "아래로 이동",
        "remove": "삭제"
    },
    "es": {
        "options": "Opciones",
        "settings": "Configuración",
        "general": "General",
        "playlist": "Lista de reproducción",
        "videoSearch": "Búsqueda de videos",
        "version": "Versión",
        "settingsTitle": "Configuración",
        "playback": "Reproducción",
        "videoAndAudio": "Video/Audio",
        "other": "Otro",
        "videoPlayer": "Reproductor de video",
        "videoPlayerDesc": "UnityVideoPlayer: Solo se pueden reproducir videos generales.\nAVProVideoPlayer: Además de videos generales, también puedes ver YouTube Live y twitch.",
        "playbackSpeed": "Velocidad de reproducción",
        "playbackSpeedDesc": "La velocidad de reproducción del video se puede ajustar de 0.05x a 2.0x en incrementos de 0.05x.\nEl video se recargará cuando el reproductor de video sea AVPro Video Player.",
        "slower": "Más lento",
        "faster": "Más rápido",
        "repeatPlay": "Repetición por intervalos",
        "repeatPlayDesc": "Repite la reproducción del intervalo especificado (A~B), se reinicia automáticamente cuando cambia el video.",
        "start": "Inicio",
        "end": "Fin",
        "notSet": "No establecido",
        "repeatOn": "Activar",
        "repeatOff": "Desactivar",
        "maxResolution": "Resolución máxima",
        "maxResolutionDesc": "Establece la resolución máxima del video, se aplicará cuando se reproduzca el siguiente video.",
        "mirrorInversion": "Inversión espejo",
        "mirrorInversionDesc": "Inversión izquierda-derecha.",
        "mirrorInversionOn": "Invertir",
        "mirrorInversionOff": "No invertir",
        "audioLinkDesc": "Conectar a AudioLink.",
        "audioLinkOn": "Activar",
        "audioLinkOff": "Desactivar",
        "brightness": "Brillo",
        "brightnessDesc": "Ajusta el brillo de la pantalla.",
        "karaokeMode": "Modo Karaoke",
        "karaokeModeDesc": "El reproductor que inserta el enlace será el maestro. El retraso del video se sincroniza automáticamente con la voz del maestro.\nSe recomienda activarlo incluso si necesitas ajustar el retraso manualmente.",
        "karaokeMember": "Miembro de Karaoke",
        "joinMember": "Unirse como miembro",
        "leaveMember": "Salir como miembro",
        "karaokeModeOn": "Karaoke",
        "danceModeOn": "Baile",
        "karaokeModeOff": "Desactivar",
        "localOffset": "Retraso de reproducción local",
        "localOffsetDesc": "Ajusta manualmente el retraso de reproducción predeterminado. Esta opción no afecta al maestro.",
        "languageSelect": "Idioma",
        "slideMode": "Modo presentación",
        "slideModeDesc": "Habilita el modo de presentación.\nPermite la navegación entre páginas utilizando los botones 'Siguiente' y 'Atrás'.",
        "slideOn": "Activar",
        "slideOff": "Desactivar",
        "slideSeconds": "Duración de la diapositiva (segundos)",
        "slideSecondsDesc": "Establece la duración de cada diapositiva.",
        "slide1s": "1 segundo",
        "slide2s": "2 segundos",
        "slide3s": "3 segundos",
        "videoSearchTitle": "Búsqueda de videos",
        "inputKeyword": "Introduce la palabra clave aquí...",
        "inLoading": "Cargando",
        "playlistTitle": "Lista de reproducción",
        "playQueue": "Cola",
        "playHistory": "Historial",
        "total": "Total",
        "tracks": "pistas",
        "addVideoLink": "Añadir enlace de video aquí...",
        "addLiveLink": "Añadir enlace en vivo aquí...",
        "copyLink": "Copiar enlace",
        "playVideo": "Reproducir",
        "addQueue": "Añadir a la cola",
        "videoLoadingMessage": "Cargando video...",
        "accessDeniedMessage": "Access Denied...\nPor favor, asegúrate de que 'Allow Untrusted URLs' está activado.",
        "unknownErrorMessage": "Unknown Error...\nSe ha producido un error desconocido.",
        "invalidUrlMessage": "Invalid URL...\nLa URL que has introducido no es válida.",
        "playerErrorMessage": "Player Error...\nSe ha producido un error en el reproductor de video.",
        "rateLimitedMessage": "Rate Limited...\nSe ha alcanzado el límite de velocidad. Solo se puede cargar un video cada 5 segundos.",
        "permission": "Permiso",
        "ownerPermission": "Permiso completo, este permiso no se puede cambiar.",
        "adminPermission": "Además de los permisos de operación del reproductor de video, se pueden editar los permisos de los usuarios.",
        "editorPermission": "Puedes operar el reproductor de video, incluyendo la reproducción y detención de videos.",
        "viewerPermission": "Solo se permite la visualización de videos.",
        "close": "Cerrar",
        "cancel": "Cancelar",
        "continue": "Continuar",
        "noPermission": "Sin permiso",
        "noPermissionMessage": "No tienes permiso para operar.",
        "confirmChangePlayer": "¿Deseas cambiar el reproductor de video?",
        "confirmChangePlayerMessage": "Cambiar el reproductor de video detendrá el video que se está reproduciendo actualmente.",
        "playUrl": "Reproducir URL",
        "confirmPlayUrlMessage": "El video que se está reproduciendo actualmente se detendrá.",
        "confirmAddQueue": "Añadir a la cola",
        "confirmPlayUrl": "Reproducir",
        "inputUrl": "Introducir URL",
        "loop": "Repetir reproducción",
        "shuffle": "Reproducción aleatoria",
        "returnToMain": "Volver a la interfaz principal",
        "back": "Atrás",
        "moveUp": "Mover hacia arriba",
        "moveDown": "Mover hacia abajo",
        "remove": "Eliminar"
    },
    "uk": {
        "options": "Опції",
        "settings": "Налаштування",
        "general": "Головна",
        "playlist": "Плейлист",
        "videoSearch": "Пошук відео",
        "version": "Версія",
        "settingsTitle": "Налаштування",
        "playback": "Відтворення",
        "videoAndAudio": "Відео/Аудіо",
        "other": "Інше",
        "videoPlayer": "Відео плеєр",
        "videoPlayerDesc": "Unity Video Player: Тільки звичайні відео можуть бути відтворені.\nAVPro Video Player: Окрім звичайних відео, також можна дивитися трансляції.",
        "playbackSpeed": "Швидкість відтворення",
        "playbackSpeedDesc": "Швидкість відтворення відео може бути налаштована від 0.05x до 2.0x з кроком 0.05x.\nВідео буде перезавантажено, коли відеоплеєром є AVPro Video Player.",
        "slower": "Повільніше",
        "faster": "Швидше",
        "repeatPlay": "Повторне відтворення",
        "repeatPlayDesc": "Повторне відтворення вказаного інтервалу (A~B), автоматично скидається при зміні відео.",
        "start": "Початок",
        "end": "Кінець",
        "notSet": "Немає",
        "repeatOn": "Увімкнено",
        "repeatOff": "Вимкнено",
        "maxResolution": "Максимальна роздільна здатність",
        "maxResolutionDesc": "Встановлює максимальну роздільну здатність відео, яка буде застосована при відтворенні наступного відео.",
        "mirrorInversion": "Налаштування дзеркала",
        "mirrorInversionDesc": "Віддзеркалює екран в дзеркалі.",
        "mirrorInversionOn": "Увімкнено",
        "mirrorInversionOff": "Вимкнено",
        "audioLinkDesc": "Підключення до AudioLink.",
        "audioLinkOn": "Увімкнено",
        "audioLinkOff": "Вимкнено",
        "brightness": "Яскравість",
        "brightnessDesc": "Налаштовує яскравість екрану.",
        "karaokeMode": "Режим караоке",
        "karaokeModeDesc": "Учасник, який вставляє посилання, стає майстром. Затримка відео автоматично синхронізується з голосом майстра.\nРекомендується увімкнути цей режим, навіть якщо потрібно налаштувати затримку вручну.",
        "karaokeMember": "Учасники караоке",
        "joinMember": "Долучитися",
        "leaveMember": "Покинути",
        "karaokeModeOn": "Караоке",
        "danceModeOn": "Танцювальний режим",
        "karaokeModeOff": "Вимкнено",
        "localOffset": "Локальна затримка відтворення",
        "localOffsetDesc": "Вручну налаштовує затримку відтворення. Цей параметр не впливає на майстра.",
        "languageSelect": "Мова",
        "slideMode": "Режим презентації",
        "slideModeDesc": "Вмикає режим презентації.\nДозволяє навігацію між слайдами за допомогою кнопок 'Вперед' та 'Назад'.",
        "slideOn": "Увімкнено",
        "slideOff": "Вимкнено",
        "slideSeconds": "Тривалість слайду (секунди)",
        "slideSecondsDesc": "Встановлює тривалість кожного слайду.",
        "slide1s": "1 секунда",
        "slide2s": "2 секунди",
        "slide3s": "3 секунди",
        "videoSearchTitle": "Пошук відео",
        "inputKeyword": "Введіть ключове слово...",
        "inLoading": "Завантаження",
        "playlistTitle": "Плейлист",
        "playQueue": "Черга",
        "playHistory": "Історія",
        "total": "Всього",
        "tracks": "Доріжки",
        "addVideoLink": "Вставити посилання на відео...",
        "addLiveLink": "Вставити посилання на трансляцію...",
        "copyLink": "Зкопіювати посилання",
        "playVideo": "Відтворити",
        "addQueue": "Додати до черги",
        "videoLoadingMessage": "Завантаження...",
        "accessDeniedMessage": "Доступ відхилено...\nБудь ласка, переконайтеся, що \"Allow Untrusted URLs\" увімкнено.",
        "unknownErrorMessage": "Невідома помилка...\nВиникла невідома помилка.",
        "invalidUrlMessage": "Некоректний URL...\nВведений вами URL є некоректним.",
        "playerErrorMessage": "Помилка плеєра...\nВиникла помилка в відео плеєрі.",
        "rateLimitedMessage": "Обмеження швидкості...\nДосягнуто обмеження швидкості. Відео можна завантажувати лише раз на 5 секунд.",
        "permission": "Дозвіл",
        "ownerPermission": "Повний доступ, цей дозвіл не може бути змінений.",
        "adminPermission": "В додаток до керування відео плеєром, можна редагувати дозволи користувачів.",
        "editorPermission": "Ви можете керувати відео плеєром, включаючи відтворення та зупинку відео.",
        "viewerPermission": "Дозволено лише переглядати відео.",
        "close": "Закрити",
        "cancel": "Відмінити",
        "continue": "Продовжити",
        "noPermission": "Немає дозволу",
        "noPermissionMessage": "Ви не маєте дозволу на виконання цієї дії.",
        "confirmChangePlayer": "Ви хочете змінити відео плеєр?",
        "confirmChangePlayerMessage": "Зміна відео плеєра призведе до зупинки відео, яке зараз відтворюється.",
        "playUrl": "Відтворити URL",
        "confirmPlayUrlMessage": "Відео, що зараз відтворюється, буде зупинено.",
        "confirmAddQueue": "Додати до черги",
        "confirmPlayUrl": "Відтворити",
        "inputUrl": "Введіть URL",
        "loop": "Зациклити",
        "shuffle": "Перемішати",
        "returnToMain": "Повернутися до головного меню",
        "back": "Назад",
        "moveUp": "Перемістити вгору",
        "moveDown": "Перемістити вниз",
        "remove": "Видалити"
    }
}