{
  "ja-JP": {
    "ui": "UI",
    "settings": "設定",
    "version": "バージョン",
    "font": "フォント",
    "pickUp": "ピックアップ",
    "pickUpDesc": "ピックアップ可能になる。",
    "globalSync": "グローバル同期",
    "globalSyncDesc": "位置がグローバル同期される。",
    "targetPlayer": "同期先の動画プレイヤー",
    "noUIController": "こちらのコントローラーはUIが含まれていません。",
    "disableUI": "UI非表示",
    "shouldEnableUIFirst": "UIの設定を変えるにはUIを表示する必要があります。",
    "pinkColor": "ピンク",
    "blueColor": "青",
    "greenColor": "緑",
    "orangeColor": "オレンジ",
    "purpleColor": "紫",
    "customColor": "カスタム",
    "colorPattern": "カラーパターン",
    "primaryColor": "メインカラー",
    "secondaryColor": "セカンドカラー",
    "preview": "プレビュー",
    "defaultPlaylistOpen": "プレイリストオープン",
    "showPlaylistUIAafterStart": "起動後にプレイリストを表示する。",
    "idleImage": "待ち受け画像",
    "showIdleImage": "動画が再生されてないときにこちらの画像が表示される。",
    "disableUIOnPickUp": "ピックアップ中UIオフ",
    "disableUIOnPickUpDesc": "ピックアップ中にUIが触られないようにする。",
    "disableUIDistance": "UI操作距離",
    "disableUIDistanceDesc": "一定メートル以上ビームが出ないようにする。",
    "videoPlayerType": "プレイヤー",
    "selectDefaultVideoPlayerType": "デフォルトで使用される動画プレイヤーエンジンを選択する。",
    "autoPlay": "自動再生",
    "autoPlaySource": "ソース",
    "title": "タイトル",
    "track": "トラック",
    "noPlaylist": "プレイリストはありません。",
    "random": "ランダム",
    "delay": "遅延",
    "autoPlayAfterSeconds": "動画は{0}秒後に再生される。",
    "audioSettings": "音声設定",
    "mute": "ミュート",
    "volume": "音量",
    "videoSettings": "映像設定",
    "mirrorInverse": "ミラー反転",
    "brightness": "輝度",
    "playbackSettings": "再生設定",
    "loop": "ループ再生",
    "useLowLatency": "低遅延モード",
    "screenTargets": "スクリーン",
    "screen": "スクリーン",
    "mainTextureProperty": "メインテクスチャプロパティ名",
    "avProProperty": "AVPro用プロパティ名",
    "playlist": "プレイリスト",
    "editPlaylist": "プレイリストを編集する",
    "shuffle": "シャッフル再生",
    "playInRandomOrder": "曲がランダム順に再生される。",
    "forwardInterval": "再生間隔",
    "playTrackAfterSeconds": "次の曲が{0}秒後に再生される。",
    "disableSmallerThen0": "0以下の値が指定されると自動再生されない。",
    "permission": "権限",
    "ownerPermission": "フル権限を持つ、この権限は変更することができない。",
    "adminPermission": "動画プレイヤーの操作権限に加え、ユーザーの権限を編集することができる。",
    "editorPermission": "動画の再生・停止など動画プレイヤーの操作はできる。",
    "viewerPermission": "動画の視聴のみ可能。",
    "defaultPermission": "デフォルト権限",
    "ownerList": "オーナーリスト",
    "grantInstanceOwner": "オーナー権限(InstanceOwner)",
    "grantInstanceMaster": "オーナー権限(InstanceMaster)",
    "grantInstanceOwnerDesc": "インスタンスオーナーにオーナ権限を付与する",
    "grantInstanceMasterDesc": "インスタンスマスターにオーナ権限を付与する",
    "autoUpdate": "自動更新",
    "autoUpdateToLatestVersion": "自動的に最新版に更新される。",
    "checkBetaVersion": "ベータ版を確認する",
    "currentVersion": "現在バージョン",
    "newestVersion": "最新バージョン",
    "checkUpdate": "アップデート確認",
    "update": "アップデート",
    "newVersionFound": "新しいアップデートがあります",
    "newVersionUpdateConfirm": "新しいアップデートがあります: v{0}、更新しますか？",
    "doUpdate": "更新する",
    "cancel": "キャンセル",
    "noNewVersionFound": "新しいアップデートは見つかりませんでした",
    "youUseNewest": "お使いのバージョンは最新版です。",
    "onlyWorksOnVCCProject": "アップデート機能はVCC環境のみ動作します。",
    "playlists": "プレイリスト",
    "playlistTracks": "トラックリスト",
    "newPlaylist": "新規プレイリスト",
    "importFromPlayer": "USharpVideo、IwaSync3、VizVidかKinelのプレイリストをここにドラッグしてインポートする",
    "importFromJson": "Jsonからインポート",
    "exportToJson": "Jsonに書き出す",
    "applyForAll": "すべてに適用",
    "overwritePlaylistName": "プレイリスト名を上書きする",
    "loadYoutubePlaylist": "プレイリストを読み込む",
    "getPlaylist": "プレイリストを取得中",
    "getPlaylistPleaseWhit": "プレイリストを取得しています、お待ちください。",
    "active": "有効",
    "inactive": "無効",
    "edit": "編集",
    "save": "保存",
    "notSave": "保存しない",
    "notSaved": "変更が保存されていません",
    "confirmSave": "保存しますか？",
    "yes": "はい",
    "no": "いいえ",
    "externalSettings": "外部設定",
    "useLTCGI": "LTCGIを使用",
    "ltcgiNotImported": "LTCGIが導入されていません。",
    "useLTCGIDesc": "この動画プレイヤーにLTCGIを使用する",
    "setUpFailed": "自動設定に失敗しました",
    "setUpLTCGIFailed": "LTCGIの自動設定に失敗しました、LTCGIのパッケージが破損しているかご確認ください。",
    "ltcgiSetOnOtherPlayer": "LTCGIは他の動画プレイヤーに設定されています",
    "clearLTCGISettings": "こちらのプレイヤーにLTCGIを設定すると、他の動画プレイヤーのLTCGI設定がクリアされます。",
    "removeLTCGI": "LTCGIの設定をクリア",
    "removeLTCGIConfirm": "LTCGIの設定をクリアしますか？",
    "applyToSubScreens": "サブスクリーンに適用",
    "applyToSubScreensConfirm": "サブスクリーンに適用しますか？",
    "useAudioLink": "Audio Linkを使用",
    "audioLinkNotImported": "Audio Linkが導入されていません。",
    "setUpAudioLink": "AudioLinkを設定する",
    "setUpAudioLinkConfirm": "AudioLinkを自動設定しますか？",
    "setUpAudioLinkFailed": "Audio Linkの自動設定に失敗しました、Audio Linkのパッケージが破損しているかご確認ください。",
    "syncSettings": "同期設定",
    "localMode": "ローカルモード",
    "useVRCLV": "Light Volume TVGIを使用",
    "vrclvNotImported": "Light Volumeが導入されていません。",
    "updateYtdlp": "yt-dlpを更新する",
    "downloadYtdlp": "yt-dlpをダウンロードする",
    "updateYtdlpMessage": "最新のyt-dlpをダウンロードしますか？",
    "downloadYtdlpMessage": "yt-dlpをダウンロードしますか？",
    "playlistUrlCannotBeNullOrEmpty": "プレイリストのURLが空です。",
    "ytdlpNotAvailable": "yt-dlpが利用できません。プレイリストを取得できません。",
    "ytdlpDownloadCancelledByUser": "yt-dlpのダウンロードがユーザーによってキャンセルされました。",
    "downloadingYtdlp": "ダウンロード中",
    "downloadingYtdlpExecutable": "yt-dlpはダウンロード中です",
    "failedToDownloadYtdlp": "yt-dlpのダウンロードに失敗しました。",
    "failedToSetExecutablePermissionsButDownloadCompleted": "実行ファイルのパーミッションを設定するのに失敗しましたが、ダウンロードは完了しました。",
    "ytdlpDownloadedSuccessfully": "yt-dlpのダウンロードが完了しました。",
    "exceptionOccurredWhileDownloadingYtdlp": "yt-dlpのダウンロード中に例外が発生しました。",
    "failedToSetExecutablePermissions": "実行ファイルのパーミッションを設定するのに失敗しました。",
    "extractingPlaylist": "プレイリストを取得中",
    "failedToExtractPlaylist": "プレイリストの取得に失敗しました。",
    "failedToStartYtdlpProcess": "yt-dlpのプロセスを開始できませんでした。",
    "exceptionOccurredWhileExtractingPlaylist": "プレイリストの取得中に例外が発生しました。",
    "extractingPlaylistFrom": "プレイリストを取得中",
    "ytDlpReturnedEmptyOutput": "yt-dlpの出力は空です。"
  },
  "en-US": {
    "ui": "UI",
    "settings": "Settings",
    "version": "Version",
    "font": "Font",
    "pickUp": "Pick Up",
    "pickUpDesc": "Can be picked up.",
    "globalSync": "Global Sync",
    "globalSyncDesc": "Position is globally synchronized.",
    "targetPlayer": "Target Video Player",
    "noUIController": "This controller does not include a UI.",
    "disableUI": "Hide UI",
    "shouldEnableUIFirst": "UI needs to be displayed to change its settings.",
    "pinkColor": "Pink",
    "blueColor": "Blue",
    "greenColor": "Green",
    "orangeColor": "Orange",
    "purpleColor": "Purple",
    "customColor": "Custom",
    "colorPattern": "Color Pattern",
    "primaryColor": "Primary Color",
    "secondaryColor": "Secondary Color",
    "preview": "Preview",
    "defaultPlaylistOpen": "Open Playlist",
    "showPlaylistUIAafterStart": "Show playlist after startup.",
    "idleImage": "Idle Image",
    "showIdleImage": "This image will be displayed when no video is playing.",
    "disableUIOnPickUp": "Disable UI During Pickup",
    "disableUIOnPickUpDesc": "Disable UI interaction during pickup.",
    "disableUIDistance": "UI Interaction Distance",
    "disableUIDistanceDesc": "Prevents beams from extending beyond a certain number of meters.",
    "videoPlayerType": "Player Engine",
    "selectDefaultVideoPlayerType": "Select the default video player engine.",
    "autoPlay": "Auto Play",
    "autoPlaySource": "Source",
    "title": "Title",
    "track": "Track",
    "noPlaylist": "No playlist available.",
    "random": "Random",
    "delay": "Delay",
    "autoPlayAfterSeconds": "Video will play after {0} seconds.",
    "audioSettings": "Audio Settings",
    "mute": "Mute",
    "volume": "Volume",
    "videoSettings": "Video Settings",
    "mirrorInverse": "Mirror Inverse",
    "brightness": "Brightness",
    "playbackSettings": "Playback Settings",
    "loop": "Loop Playback",
    "useLowLatency": "Low Latency Mode",
    "screenTargets": "Screen",
    "screen": "Screen",
    "mainTextureProperty": "Main Texture Property Name",
    "avProProperty": "AVPro Property Name",
    "playlist": "Playlist",
    "editPlaylist": "Edit Playlist",
    "shuffle": "Shuffle Playback",
    "playInRandomOrder": "Tracks will play in random order.",
    "forwardInterval": "Playback Interval",
    "playTrackAfterSeconds": "Next track will play after {0} seconds.",
    "disableSmallerThen0": "If a value of 0 or less is specified, autoplay will be disabled.",
    "permission": "Permission",
    "ownerPermission": "Has full permissions, this permission cannot be changed.",
    "adminPermission": "Can control the video player and edit user permissions.",
    "editorPermission": "Can control the video player such as play and pause.",
    "viewerPermission": "Can only view the video.",
    "defaultPermission": "Default Permission",
    "ownerList": "Owner List",
    "grantInstanceOwner": "Grant Owner Permissions (Instance Owner)",
    "grantInstanceMaster": "Grant Owner Permissions (Instance Master)",
    "grantInstanceOwnerDesc": "Grants owner permissions to the instance owner.",
    "grantInstanceMasterDesc": "Grants owner permissions to the instance master.",
    "autoUpdate": "Auto Update",
    "autoUpdateToLatestVersion": "Automatically updates to the latest version.",
    "checkBetaVersion": "Check Beta Version",
    "currentVersion": "Current Version",
    "newestVersion": "Newest Version",
    "checkUpdate": "Check for Updates",
    "update": "Update",
    "newVersionFound": "A new update is available",
    "newVersionUpdateConfirm": "A new update is available: v{0}, would you like to update?",
    "doUpdate": "Update",
    "cancel": "Cancel",
    "noNewVersionFound": "No new update found",
    "youUseNewest": "You are using the latest version.",
    "onlyWorksOnVCCProject": "The update feature only works in VCC environments.",
    "playlists": "Playlists",
    "playlistTracks": "Track List",
    "newPlaylist": "New Playlist",
    "importFromPlayer": "Drag and drop a playlist from USharpVideo, IwaSync3, VizVid or Kinel to import here",
    "importFromJson": "Import from Json",
    "exportToJson": "Export to Json",
    "applyForAll": "Apply to All",
    "overwritePlaylistName": "Overwrite Playlist Name",
    "loadYoutubePlaylist": "Load Playlist",
    "getPlaylist": "Retrieving playlist",
    "getPlaylistPleaseWhit": "Please wait while the playlist is being retrieved.",
    "active": "Active",
    "inactive": "Inactive",
    "edit": "Edit",
    "save": "Save",
    "notSave": "Do Not Save",
    "notSaved": "Changes have not been saved",
    "confirmSave": "Do you want to save?",
    "yes": "Yes",
    "no": "No",
    "externalSettings": "External Settings",
    "useLTCGI": "Use LTCGI",
    "ltcgiNotImported": "LTCGI is not imported.",
    "useLTCGIDesc": "Use LTCGI for this video player",
    "setUpFailed": "Automatic setup failed",
    "setUpLTCGIFailed": "LTCGI automatic setup failed, please check if the LTCGI package is corrupted.",
    "ltcgiSetOnOtherPlayer": "LTCGI is set on another video player",
    "clearLTCGISettings": "Setting LTCGI on this player will clear LTCGI settings on other video players.",
    "removeLTCGI": "Clear LTCGI settings",
    "removeLTCGIConfirm": "Clear LTCGI settings?",
    "applyToSubScreens": "Apply to sub-screens",
    "applyToSubScreensConfirm": "Apply to sub-screens?",
    "useAudioLink": "Use Audio Link",
    "audioLinkNotImported": "AudioLink is not imported.",
    "setUpAudioLink": "Set up AudioLink",
    "setUpAudioLinkConfirm": "Do you want to automatically set up AudioLink?",
    "setUpAudioLinkFailed": "Audio Link automatic setup failed, please check if the Audio Link package is corrupted.",
    "syncSettings": "Sync Settings",
    "localMode": "Local Mode",
    "useVRCLV": "Use Light Volume TVGI",
    "vrclvNotImported": "Light Volume is not imported.",
    "updateYtdlp": "Update yt-dlp",
    "downloadYtdlp": "Download yt-dlp",
    "updateYtdlpMessage": "Do you want to update to the latest version of yt-dlp?",
    "downloadYtdlpMessage": "Do you want to download yt-dlp?",
    "playlistUrlCannotBeNullOrEmpty": "Playlist URL cannot be null or empty.",
    "ytdlpNotAvailable": "yt-dlp is not available. Unable to retrieve playlist.",
    "ytdlpDownloadCancelledByUser": "yt-dlp download cancelled by user.",
    "downloadingYtdlp": "Downloading yt-dlp",
    "downloadingYtdlpExecutable": "Downloading yt-dlp executable",
    "failedToDownloadYtdlp": "Failed to download yt-dlp.",
    "failedToSetExecutablePermissionsButDownloadCompleted": "Failed to set executable permissions but download completed.",
    "ytdlpDownloadedSuccessfully": "yt-dlp downloaded successfully.",
    "exceptionOccurredWhileDownloadingYtdlp": "An exception occurred while downloading yt-dlp.",
    "failedToSetExecutablePermissions": "Failed to set executable permissions.",
    "extractingPlaylist": "Extracting playlist",
    "failedToExtractPlaylist": "Failed to extract playlist.",
    "failedToStartYtdlpProcess": "Failed to start yt-dlp process.",
    "exceptionOccurredWhileExtractingPlaylist": "An exception occurred while extracting playlist.",
    "extractingPlaylistFrom": "Extracting playlist from",
    "ytDlpReturnedEmptyOutput": "yt-dlp returned empty output."
  },
  "zh-CN": {
    "ui": "UI",
    "settings": "设置",
    "version": "版本",
    "font": "字体",
    "pickUp": "拾取",
    "pickUpDesc": "可以被拾取。",
    "globalSync": "全局同步",
    "globalSyncDesc": "位置将被全局同步。",
    "targetPlayer": "目标视频播放器",
    "noUIController": "此控制器不包含UI。",
    "disableUI": "隐藏UI",
    "shouldEnableUIFirst": "需要显示UI才能更改设置。",
    "pinkColor": "粉色",
    "blueColor": "蓝色",
    "greenColor": "绿色",
    "orangeColor": "橙色",
    "purpleColor": "紫色",
    "customColor": "自定义",
    "colorPattern": "颜色模式",
    "primaryColor": "主色",
    "secondaryColor": "次色",
    "preview": "预览",
    "defaultPlaylistOpen": "打开播放列表",
    "showPlaylistUIAafterStart": "启动后显示播放列表。",
    "idleImage": "待机图像",
    "showIdleImage": "视频未播放时显示此图像。",
    "disableUIOnPickUp": "拾取时禁用UI",
    "disableUIOnPickUpDesc": "拾取时禁用UI交互。",
    "disableUIDistance": "UI操作距离",
    "disableUIDistanceDesc": "超过一定的米数之后不显示射线。",
    "videoPlayerType": "播放器引擎",
    "selectDefaultVideoPlayerType": "选择默认的视频播放器引擎。",
    "autoPlay": "自动播放",
    "autoPlaySource": "来源",
    "title": "标题",
    "track": "曲目",
    "noPlaylist": "没有播放列表。",
    "random": "随机",
    "delay": "延迟",
    "autoPlayAfterSeconds": "视频将在{0}秒后播放。",
    "audioSettings": "音频设置",
    "mute": "静音",
    "volume": "音量",
    "videoSettings": "视频设置",
    "mirrorInverse": "镜子里反转",
    "brightness": "亮度",
    "playbackSettings": "播放设置",
    "loop": "循环播放",
    "useLowLatency": "低延迟模式",
    "screenTargets": "屏幕",
    "screen": "屏幕",
    "mainTextureProperty": "主贴图属性名称",
    "avProProperty": "AVPro属性名称",
    "playlist": "播放列表",
    "editPlaylist": "编辑播放列表",
    "shuffle": "随机播放",
    "playInRandomOrder": "曲目将随机播放。",
    "forwardInterval": "播放间隔",
    "playTrackAfterSeconds": "下一首曲目将在{0}秒后播放。",
    "disableSmallerThen0": "如果指定值小于或等于0，则自动播放将被禁用。",
    "permission": "权限",
    "ownerPermission": "拥有全部权限，无法更改此权限。",
    "adminPermission": "可以控制视频播放器并编辑用户权限。",
    "editorPermission": "可以控制视频播放器的播放和暂停等操作。",
    "viewerPermission": "只能观看视频。",
    "defaultPermission": "默认权限",
    "ownerList": "Owner列表",
    "grantInstanceOwner": "授予Owner权限(Instance Owner)",
    "grantInstanceMaster": "授予Owner权限(Instance Master)",
    "grantInstanceOwnerDesc": "授予房间创建者Owner权限。",
    "grantInstanceMasterDesc": "授予房间管理员Owner权限。",
    "autoUpdate": "自动更新",
    "autoUpdateToLatestVersion": "自动更新到最新版本。",
    "checkBetaVersion": "检查测试版",
    "currentVersion": "当前版本",
    "newestVersion": "最新版本",
    "checkUpdate": "检查更新",
    "update": "更新",
    "newVersionFound": "有新的更新",
    "newVersionUpdateConfirm": "有新的更新: v{0}，要更新吗？",
    "doUpdate": "更新",
    "cancel": "取消",
    "noNewVersionFound": "未找到新更新",
    "youUseNewest": "您使用的是最新版本。",
    "onlyWorksOnVCCProject": "更新功能仅在VCC环境中有效。",
    "playlists": "播放列表",
    "playlistTracks": "曲目列表",
    "newPlaylist": "新播放列表",
    "importFromPlayer": "可以将USharpVideo、IwaSync3、VizVid或Kinel的播放列表拖动到此处进行导入",
    "importFromJson": "从Json导入",
    "exportToJson": "导出到Json",
    "applyForAll": "应用于所有",
    "overwritePlaylistName": "覆盖播放列表名称",
    "loadYoutubePlaylist": "加载播放列表",
    "getPlaylist": "正在获取播放列表",
    "getPlaylistPleaseWhit": "请稍等，正在获取播放列表。",
    "active": "启用",
    "inactive": "禁用",
    "edit": "编辑",
    "save": "保存",
    "notSave": "不保存",
    "notSaved": "更改未保存",
    "confirmSave": "是否保存？",
    "yes": "是",
    "no": "否",
    "externalSettings": "外部设置",
    "useLTCGI": "使用LTCGI",
    "ltcgiNotImported": "未导入LTCGI。",
    "useLTCGIDesc": "为此视频播放器使用LTCGI",
    "setUpFailed": "自动设置失败",
    "setUpLTCGIFailed": "LTCGI自动设置失败，请检查LTCGI包是否损坏。",
    "ltcgiSetOnOtherPlayer": "LTCGI已设置在其他视频播放器上",
    "clearLTCGISettings": "在此播放器上设置LTCGI将清除其他视频播放器上的LTCGI设置。",
    "removeLTCGI": "清除LTCGI设置",
    "removeLTCGIConfirm": "清除LTCGI设置？",
    "applyToSubScreens": "应用于子屏幕",
    "applyToSubScreensConfirm": "应用于子屏幕？",
    "useAudioLink": "使用Audio Link",
    "audioLinkNotImported": "未导入Audio Link。",
    "setUpAudioLink": "设置AudioLink",
    "setUpAudioLinkConfirm": "要自动设置AudioLink吗？",
    "setUpAudioLinkFailed": "Audio Link自动设置失败，请检查Audio Link包是否损坏。",
    "syncSettings": "同步设置",
    "localMode": "本地模式",
    "useVRCLV": "使用Light Volume TVGI",
    "vrclvNotImported": "Light Volume未导入。",
    "updateYtdlp": "更新yt-dlp",
    "downloadYtdlp": "下载yt-dlp",
    "updateYtdlpMessage": "要更新到最新版本的yt-dlp吗？",
    "downloadYtdlpMessage": "要下载yt-dlp吗？",
    "playlistUrlCannotBeNullOrEmpty": "播放列表URL不能为空。",
    "ytdlpNotAvailable": "yt-dlp不可用。无法获取播放列表。",
    "ytdlpDownloadCancelledByUser": "yt-dlp下载被用户取消。",
    "downloadingYtdlp": "下载yt-dlp",
    "downloadingYtdlpExecutable": "下载yt-dlp可执行文件",
    "failedToDownloadYtdlp": "下载yt-dlp失败。",
    "failedToSetExecutablePermissionsButDownloadCompleted": "设置可执行文件权限失败，但下载完成。",
    "ytdlpDownloadedSuccessfully": "yt-dlp下载成功。",
    "exceptionOccurredWhileDownloadingYtdlp": "下载yt-dlp时发生异常。",
    "failedToSetExecutablePermissions": "设置可执行文件权限失败。",
    "extractingPlaylist": "提取播放列表",
    "failedToExtractPlaylist": "提取播放列表失败。",
    "failedToStartYtdlpProcess": "启动yt-dlp进程失败。",
    "exceptionOccurredWhileExtractingPlaylist": "提取播放列表时发生异常。",
    "extractingPlaylistFrom": "提取播放列表",
    "ytDlpReturnedEmptyOutput": "yt-dlp返回空输出。"
  },
  "zh-TW": {
    "ui": "UI",
    "settings": "設定",
    "font": "字體",
    "version": "版本",
    "pickUp": "撿取",
    "pickUpDesc": "可以撿取。",
    "globalSync": "全域同步",
    "globalSyncDesc": "位置全域同步。",
    "targetPlayer": "目標播放器",
    "noUIController": "此控制器不包含UI。",
    "disableUI": "隱藏UI",
    "shouldEnableUIFirst": "需要顯示UI才能更改設定。",
    "pinkColor": "粉紅",
    "blueColor": "藍色",
    "greenColor": "綠色",
    "orangeColor": "橙色",
    "purpleColor": "紫色",
    "customColor": "自訂",
    "colorPattern": "顏色模式",
    "primaryColor": "主色",
    "secondaryColor": "次色",
    "preview": "預覽",
    "defaultPlaylistOpen": "開啟播放清單",
    "showPlaylistUIAafterStart": "啟動後顯示播放清單。",
    "idleImage": "待機圖片",
    "showIdleImage": "影片未播放時顯示此圖片。",
    "disableUIOnPickUp": "撿取時停用UI",
    "disableUIOnPickUpDesc": "撿取時停用UI互動。",
    "disableUIDistance": "UI操作距離",
    "disableUIDistanceDesc": "超過一定的米數後不出現光束。",
    "videoPlayerType": "播放器引擎",
    "selectDefaultVideoPlayerType": "選擇預設的影片播放器引擎。",
    "autoPlay": "自動播放",
    "autoPlaySource": "來源",
    "title": "標題",
    "track": "曲目",
    "noPlaylist": "沒有播放清單。",
    "random": "隨機",
    "delay": "延遲",
    "autoPlayAfterSeconds": "影片將在{0}秒後播放。",
    "audioSettings": "音訊設定",
    "mute": "靜音",
    "volume": "音量",
    "videoSettings": "影片設定",
    "mirrorInverse": "鏡像反轉",
    "brightness": "亮度",
    "playbackSettings": "播放設定",
    "loop": "重複播放",
    "useLowLatency": "低延遲模式",
    "screenTargets": "螢幕",
    "screen": "螢幕",
    "mainTextureProperty": "主材質屬性名稱",
    "avProProperty": "AVPro屬性名稱",
    "playlist": "播放清單",
    "editPlaylist": "編輯播放清單",
    "shuffle": "隨機播放",
    "playInRandomOrder": "曲目將隨機播放。",
    "forwardInterval": "播放間隔",
    "playTrackAfterSeconds": "下一首曲目將在{0}秒後播放。",
    "disableSmallerThen0": "如果指定值小於或等於0，自動播放將被停用。",
    "permission": "權限",
    "ownerPermission": "擁有全部權限，無法更改此權限。",
    "adminPermission": "可以控制影片播放器並編輯使用者權限。",
    "editorPermission": "可以控制影片播放器的播放和暫停等操作。",
    "viewerPermission": "只能觀看影片。",
    "defaultPermission": "預設權限",
    "ownerList": "Owner清單",
    "grantInstanceOwner": "授予Owner權限(實例擁有者)",
    "grantInstanceMaster": "授予Owner權限(實例管理者)",
    "grantInstanceOwnerDesc": "授予實例擁有者Owner權限。",
    "grantInstanceMasterDesc": "授予實例管理者Owner權限。",
    "autoUpdate": "自動更新",
    "autoUpdateToLatestVersion": "自動更新到最新版本。",
    "checkBetaVersion": "檢查測試版",
    "currentVersion": "目前版本",
    "newestVersion": "最新版本",
    "checkUpdate": "檢查更新",
    "update": "更新",
    "newVersionFound": "有新的更新",
    "newVersionUpdateConfirm": "有新的更新: v{0}，要更新嗎？",
    "doUpdate": "更新",
    "cancel": "取消",
    "noNewVersionFound": "未找到新更新",
    "youUseNewest": "您使用的是最新版本。",
    "onlyWorksOnVCCProject": "更新功能僅在VCC環境中有效。",
    "playlists": "播放清單",
    "playlistTracks": "曲目清單",
    "newPlaylist": "新播放清單",
    "importFromPlayer": "可以拖動USharpVideo、IwaSync3、VizVid或Kinel的播放清單到此處進行匯入",
    "importFromJson": "從Json匯入",
    "exportToJson": "匯出到Json",
    "applyForAll": "套用到所有",
    "overwritePlaylistName": "覆蓋播放清單名稱",
    "loadYoutubePlaylist": "載入播放清單",
    "getPlaylist": "正在取得播放清單",
    "getPlaylistPleaseWhit": "請稍候，正在取得播放清單。",
    "active": "啟用",
    "inactive": "停用",
    "edit": "編輯",
    "save": "儲存",
    "notSave": "不儲存",
    "notSaved": "更改未儲存",
    "confirmSave": "是否儲存？",
    "yes": "是",
    "no": "否",
    "externalSettings": "外部設定",
    "useLTCGI": "使用LTCGI",
    "ltcgiNotImported": "未導入LTCGI。",
    "useLTCGIDesc": "為此影片播放器使用LTCGI",
    "setUpFailed": "自動設定失敗",
    "setUpLTCGIFailed": "LTCGI自動設定失敗，請檢查LTCGI包是否損壞。",
    "ltcgiSetOnOtherPlayer": "LTCGI已設定在其他影片播放器上",
    "clearLTCGISettings": "在此播放器上設定LTCGI將清除其他影片播放器上的LTCGI設定。",
    "removeLTCGI": "清除LTCGI設定",
    "removeLTCGIConfirm": "清除LTCGI設定？",
    "applyToSubScreens": "應用於子屏幕",
    "applyToSubScreensConfirm": "應用於子屏幕？",
    "useAudioLink": "使用Audio Link",
    "audioLinkNotImported": "未導入Audio Link。",
    "setUpAudioLink": "設定AudioLink",
    "setUpAudioLinkConfirm": "要自動設定AudioLink嗎？",
    "setUpAudioLinkFailed": "Audio Link自動設定失敗，請檢查Audio Link包是否損壞。",
    "syncSettings": "同步設定",
    "localMode": "本地模式",
    "useVRCLV": "使用Light Volume TVGI",
    "vrclvNotImported": "Light Volume未導入。",
    "updateYtdlp": "更新yt-dlp",
    "downloadYtdlp": "下載yt-dlp",
    "updateYtdlpMessage": "要更新到最新版本的yt-dlp嗎？",
    "downloadYtdlpMessage": "要下載yt-dlp嗎？",
    "playlistUrlCannotBeNullOrEmpty": "播放列表URL不能為空。",
    "ytdlpNotAvailable": "yt-dlp不可用。無法獲取播放列表。",
    "ytdlpDownloadCancelledByUser": "yt-dlp下載被用戶取消。",
    "downloadingYtdlp": "下載yt-dlp",
    "downloadingYtdlpExecutable": "下載yt-dlp可執行文件",
    "failedToDownloadYtdlp": "下載yt-dlp失敗。",
    "failedToSetExecutablePermissionsButDownloadCompleted": "設置可執行文件權限失敗，但下載完成。",
    "ytdlpDownloadedSuccessfully": "yt-dlp下載成功。",
    "exceptionOccurredWhileDownloadingYtdlp": "下載yt-dlp時發生異常。",
    "failedToSetExecutablePermissions": "設置可執行文件權限失敗。",
    "extractingPlaylist": "提取播放列表",
    "failedToExtractPlaylist": "提取播放列表失敗。",
    "failedToStartYtdlpProcess": "啟動yt-dlp進程失敗。",
    "exceptionOccurredWhileExtractingPlaylist": "提取播放列表時發生異常。",
    "extractingPlaylistFrom": "提取播放列表",
    "ytDlpReturnedEmptyOutput": "yt-dlp返回空輸出。"
  },
  "ko-KR": {
    "ui": "UI",
    "settings": "설정",
    "version": "버전",
    "font": "폰트",
    "pickUp": "픽업",
    "pickUpDesc": "픽업 가능.",
    "globalSync": "글로벌 동기화",
    "globalSyncDesc": "위치가 글로벌 동기화됨.",
    "targetPlayer": "대상 비디오 플레이어",
    "noUIController": "이 컨트롤러에는 UI가 포함되어 있지 않습니다.",
    "disableUI": "UI 숨기기",
    "shouldEnableUIFirst": "UI 설정을 변경하려면 UI를 표시해야 합니다.",
    "pinkColor": "핑크",
    "blueColor": "파랑",
    "greenColor": "초록",
    "orangeColor": "주황",
    "purpleColor": "보라",
    "customColor": "사용자 지정",
    "colorPattern": "색상 패턴",
    "primaryColor": "주 색상",
    "secondaryColor": "보조 색상",
    "preview": "미리보기",
    "defaultPlaylistOpen": "재생 목록 열기",
    "showPlaylistUIAafterStart": "시작 후 재생 목록 표시.",
    "idleImage": "대기 이미지",
    "showIdleImage": "비디오가 재생되지 않을 때 이 이미지가 표시됩니다.",
    "disableUIOnPickUp": "픽업 시 UI 비활성화",
    "disableUIOnPickUpDesc": "픽업 중 UI 상호작용을 비활성화.",
    "disableUIDistance": "UI 조작 거리",
    "disableUIDistanceDesc": "빔이 일정 미터 이상으로 뻗어나가지 않도록 합니다.",
    "videoPlayerType": "플레이어 엔진",
    "selectDefaultVideoPlayerType": "기본 비디오 플레이어 엔진 선택.",
    "autoPlay": "자동 재생",
    "autoPlaySource": "소스",
    "title": "제목",
    "track": "트랙",
    "noPlaylist": "재생 목록이 없습니다.",
    "random": "랜덤",
    "delay": "지연",
    "autoPlayAfterSeconds": "비디오는 {0}초 후에 재생됩니다.",
    "audioSettings": "오디오 설정",
    "mute": "음소거",
    "volume": "볼륨",
    "videoSettings": "비디오 설정",
    "mirrorInverse": "미러 반전",
    "brightness": "밝기",
    "playbackSettings": "재생 설정",
    "loop": "반복 재생",
    "useLowLatency": "저지연 모드 사용",
    "screenTargets": "스크린",
    "screen": "스크린",
    "mainTextureProperty": "메인 텍스처 속성 이름",
    "avProProperty": "AVPro 속성 이름",
    "playlist": "재생 목록",
    "editPlaylist": "재생 목록 편집",
    "shuffle": "셔플 재생",
    "playInRandomOrder": "트랙이 무작위 순서로 재생됩니다.",
    "forwardInterval": "재생 간격",
    "playTrackAfterSeconds": "다음 트랙은 {0}초 후에 재생됩니다.",
    "disableSmallerThen0": "0 이하의 값이 지정되면 자동 재생이 비활성화됩니다.",
    "permission": "권한",
    "ownerPermission": "전체 권한을 가지고 있으며, 이 권한은 변경할 수 없습니다.",
    "adminPermission": "비디오 플레이어를 제어하고 사용자 권한을 편집할 수 있습니다.",
    "editorPermission": "비디오 플레이어의 재생 및 일시 중지 등의 작업을 할 수 있습니다.",
    "viewerPermission": "비디오를 시청만 할 수 있습니다.",
    "defaultPermission": "기본 권한",
    "ownerList": "Owner 목록",
    "grantInstanceOwner": "소유자 권한 부여(인스턴스 소유자)",
    "grantInstanceMaster": "소유자 권한 부여(인스턴스 마스터)",
    "grantInstanceOwnerDesc": "인스턴스 소유자에게 소유자 권한을 부여합니다.",
    "grantInstanceMasterDesc": "인스턴스 마스터에게 소유자 권한을 부여합니다.",
    "autoUpdate": "자동 업데이트",
    "autoUpdateToLatestVersion": "최신 버전으로 자동 업데이트.",
    "checkBetaVersion": "베타 버전 확인",
    "currentVersion": "현재 버전",
    "newestVersion": "최신 버전",
    "checkUpdate": "업데이트 확인",
    "update": "업데이트",
    "newVersionFound": "새로운 업데이트가 있습니다",
    "newVersionUpdateConfirm": "새로운 업데이트가 있습니다: v{0}, 업데이트하시겠습니까?",
    "doUpdate": "업데이트",
    "cancel": "취소",
    "noNewVersionFound": "새로운 업데이트를 찾을 수 없습니다",
    "youUseNewest": "최신 버전을 사용 중입니다.",
    "onlyWorksOnVCCProject": "업데이트 기능은 VCC 환경에서만 작동합니다.",
    "playlists": "재생 목록",
    "playlistTracks": "트랙 목록",
    "newPlaylist": "새 재생 목록",
    "importFromPlayer": "USharpVideo, IwaSync3, VizVid 또는 Kinel의 재생 목록을 여기에 드래그하여 가져올 수 있습니다.",
    "importFromJson": "Json에서 가져오기",
    "exportToJson": "Json으로 내보내기",
    "applyForAll": "모두에 적용",
    "overwritePlaylistName": "재생 목록 이름 덮어쓰기",
    "loadYoutubePlaylist": "재생 목록 불러오기",
    "getPlaylist": "재생 목록 가져오는 중",
    "getPlaylistPleaseWhit": "재생 목록을 가져오는 중입니다. 잠시 기다려 주세요.",
    "active": "활성화",
    "inactive": "비활성화",
    "edit": "편집",
    "save": "저장",
    "notSave": "저장 안 함",
    "notSaved": "변경 사항이 저장되지 않았습니다.",
    "confirmSave": "저장하시겠습니까?",
    "yes": "예",
    "no": "아니요",
    "externalSettings": "외부 설정",
    "useLTCGI": "LTCGI 사용",
    "ltcgiNotImported": "LTCGI가 도입되지 않았습니다.",
    "useLTCGIDesc": "이 비디오 플레이어에 LTCGI 사용",
    "setUpFailed": "자동 설정 실패",
    "setUpLTCGIFailed": "LTCGI 자동 설정 실패, LTCGI 패키지가 손상되었는지 확인하십시오.",
    "ltcgiSetOnOtherPlayer": "LTCGI가 다른 비디오 플레이어에 설정되어 있습니다",
    "clearLTCGISettings": "이 플레이어에 LTCGI를 설정하면 다른 비디오 플레이어의 LTCGI 설정이 지워집니다.",
    "removeLTCGI": "LTCGI 설정 지우기",
    "removeLTCGIConfirm": "LTCGI 설정을 지우시겠습니까?",
    "applyToSubScreens": "서브스크린에 적용",
    "applyToSubScreensConfirm": "서브스크린에 적용하시겠습니까?",
    "useAudioLink": "Audio Link 사용",
    "audioLinkNotImported": "Audio Link가 도입되지 않았습니다.",
    "setUpAudioLink": "AudioLink 설정",
    "setUpAudioLinkConfirm": "AudioLink를 자동으로 설정하시겠습니까?",
    "setUpAudioLinkFailed": "Audio Link 자동 설정 실패, Audio Link 패키지가 손상되었는지 확인하십시오.",
    "syncSettings": "동기화 설정",
    "localMode": "로컬 모드",
    "useVRCLV": "Light Volume TVGI 사용",
    "vrclvNotImported": "Light Volume가 도입되지 않았습니다.",
    "updateYtdlp": "yt-dlp 업데이트",
    "downloadYtdlp": "yt-dlp 다운로드",
    "updateYtdlpMessage": "최신 버전의 yt-dlp로 업데이트하시겠습니까?",
    "downloadYtdlpMessage": "yt-dlp를 다운로드하시겠습니까?",
    "playlistUrlCannotBeNullOrEmpty": "재생 목록 URL이 비어 있습니다.",
    "ytdlpNotAvailable": "yt-dlp를 사용할 수 없습니다. 재생 목록을 가져올 수 없습니다.",
    "ytdlpDownloadCancelledByUser": "yt-dlp 다운로드가 사용자에 의해 취소되었습니다.",
    "downloadingYtdlp": "yt-dlp 다운로드 중",
    "downloadingYtdlpExecutable": "yt-dlp 실행 파일 다운로드 중",
    "failedToDownloadYtdlp": "yt-dlp 다운로드 실패.",
    "failedToSetExecutablePermissionsButDownloadCompleted": "실행 파일 권한 설정 실패, 다운로드 완료.",
    "ytdlpDownloadedSuccessfully": "yt-dlp 다운로드 성공.",
    "exceptionOccurredWhileDownloadingYtdlp": "yt-dlp 다운로드 중 예외 발생.",
    "failedToSetExecutablePermissions": "실행 파일 권한 설정 실패.",
    "extractingPlaylist": "재생 목록 추출",
    "failedToExtractPlaylist": "재생 목록 추출 실패.",
    "failedToStartYtdlpProcess": "yt-dlp 프로세스 시작 실패.",
    "exceptionOccurredWhileExtractingPlaylist": "재생 목록 추출 중 예외 발생.",
    "extractingPlaylistFrom": "재생 목록 추출",
    "ytDlpReturnedEmptyOutput": "yt-dlp가 빈 출력을 반환했습니다."
  },
  "es-CL": {
    "ui": "Interfaz",
    "settings": "Configuración",
    "version": "Versión",
    "font": "Fuente",
    "pickUp": "Recoger",
    "pickUpDesc": "Puede ser recogido.",
    "globalSync": "Sincronización Global",
    "globalSyncDesc": "La posición se sincroniza globalmente.",
    "targetPlayer": "Reproductor de Video Destino",
    "noUIController": "Este controlador no incluye una interfaz.",
    "disableUI": "Ocultar Interfaz",
    "shouldEnableUIFirst": "Se necesita mostrar la interfaz para cambiar su configuración.",
    "pinkColor": "Rosa",
    "blueColor": "Azul",
    "greenColor": "Verde",
    "orangeColor": "Naranja",
    "purpleColor": "Morado",
    "customColor": "Personalizado",
    "colorPattern": "Patrón de Color",
    "primaryColor": "Color Primario",
    "secondaryColor": "Color Secundario",
    "preview": "Vista Previa",
    "defaultPlaylistOpen": "Abrir Lista de Reproducción",
    "showPlaylistUIAafterStart": "Mostrar lista de reproducción después del inicio.",
    "idleImage": "Imagen de Inactividad",
    "showIdleImage": "Esta imagen se mostrará cuando no haya video reproduciéndose.",
    "disableUIOnPickUp": "Desactivar UI al Recoger",
    "disableUIOnPickUpDesc": "Desactiva la interacción con la interfaz al recoger.",
    "disableUIDistance": "Distancia de Interacción con UI",
    "disableUIDistanceDesc": "Evita que los rayos se extiendan más allá de cierta cantidad de metros.",
    "videoPlayerType": "Motor del Reproductor",
    "selectDefaultVideoPlayerType": "Selecciona el motor del reproductor de video por defecto.",
    "autoPlay": "Reproducción Automática",
    "autoPlaySource": "Fuente",
    "title": "Título",
    "track": "Pista",
    "noPlaylist": "No hay lista de reproducción.",
    "random": "Aleatorio",
    "delay": "Retraso",
    "autoPlayAfterSeconds": "El video se reproducirá después de {0} segundos.",
    "audioSettings": "Configuración de Audio",
    "mute": "Silenciar",
    "volume": "Volumen",
    "videoSettings": "Configuración de Video",
    "mirrorInverse": "Inversión Espejo",
    "brightness": "Brillo",
    "playbackSettings": "Configuración de Reproducción",
    "loop": "Repetir Reproducción",
    "useLowLatency": "Modo de Baja Latencia",
    "screenTargets": "Pantalla",
    "screen": "Pantalla",
    "mainTextureProperty": "Nombre de Propiedad de Textura Principal",
    "avProProperty": "Nombre de Propiedad AVPro",
    "playlist": "Lista de Reproducción",
    "editPlaylist": "Editar Lista de Reproducción",
    "shuffle": "Reproducción Aleatoria",
    "playInRandomOrder": "Las pistas se reproducirán en orden aleatorio.",
    "forwardInterval": "Intervalo de Reproducción",
    "playTrackAfterSeconds": "La siguiente pista se reproducirá después de {0} segundos.",
    "disableSmallerThen0": "Si se especifica un valor de 0 o menos, la reproducción automática se desactivará.",
    "permission": "Permiso",
    "ownerPermission": "Tiene permisos completos, este permiso no se puede cambiar.",
    "adminPermission": "Puede controlar el reproductor de video y editar los permisos de los usuarios.",
    "editorPermission": "Puede controlar el reproductor de video como reproducir y pausar.",
    "viewerPermission": "Solo puede ver el video.",
    "defaultPermission": "Permiso por Defecto",
    "ownerList": "Lista de Propietarios",
    "grantInstanceOwner": "Conceder Permisos de Propietario (Instance Owner)",
    "grantInstanceMaster": "Conceder Permisos de Propietario (Instance Master)",
    "grantInstanceOwnerDesc": "Concede permisos de propietario al propietario de la instancia.",
    "grantInstanceMasterDesc": "Concede permisos de propietario al maestro de la instancia.",
    "autoUpdate": "Actualización Automática",
    "autoUpdateToLatestVersion": "Se actualizará automáticamente a la última versión.",
    "checkBetaVersion": "Verificar Versión Beta",
    "currentVersion": "Versión Actual",
    "newestVersion": "Última Versión",
    "checkUpdate": "Verificar Actualizaciones",
    "update": "Actualizar",
    "newVersionFound": "Se ha encontrado una nueva actualización",
    "newVersionUpdateConfirm": "Se ha encontrado una nueva actualización: v{0}, ¿deseas actualizar?",
    "doUpdate": "Actualizar",
    "cancel": "Cancelar",
    "noNewVersionFound": "No se encontró una nueva actualización",
    "youUseNewest": "Estás usando la última versión.",
    "onlyWorksOnVCCProject": "La función de actualización solo funciona en entornos VCC.",
    "playlists": "Listas de Reproducción",
    "playlistTracks": "Lista de Pistas",
    "newPlaylist": "Nueva Lista de Reproducción",
    "importFromPlayer": "Arrastra y suelta una lista de reproducción de USharpVideo, IwaSync3, VizVid o Kinel aquí para importar",
    "importFromJson": "Importar desde Json",
    "exportToJson": "Exportar a Json",
    "applyForAll": "Aplicar a Todos",
    "overwritePlaylistName": "Sobrescribir Nombre de Lista de Reproducción",
    "loadYoutubePlaylist": "Cargar Lista de Reproducción",
    "getPlaylist": "Obteniendo lista de reproducción",
    "getPlaylistPleaseWhit": "Por favor espera mientras se obtiene la lista de reproducción.",
    "active": "Activo",
    "inactive": "Inactivo",
    "edit": "Editar",
    "save": "Guardar",
    "notSave": "No Guardar",
    "notSaved": "Los cambios no se han guardado",
    "confirmSave": "¿Deseas guardar?",
    "yes": "Sí",
    "no": "No",
    "externalSettings": "Configuración Externa",
    "useLTCGI": "Usar LTCGI",
    "ltcgiNotImported": "LTCGI no está importado.",
    "useLTCGIDesc": "Usar LTCGI para este reproductor de video",
    "setUpFailed": "La configuración automática falló",
    "setUpLTCGIFailed": "La configuración automática de LTCGI falló, por favor verifica si el paquete de LTCGI está dañado.",
    "ltcgiSetOnOtherPlayer": "LTCGI está configurado en otro reproductor de video",
    "clearLTCGISettings": "Configurar LTCGI en este reproductor borrará la configuración de LTCGI en otros reproductores de video.",
    "removeLTCGI": "Borrar configuración de LTCGI",
    "removeLTCGIConfirm": "¿Borrar la configuración de LTCGI?",
    "applyToSubScreens": "Aplicar a subpantallas",
    "applyToSubScreensConfirm": "¿Aplicar a subpantallas?",
    "useAudioLink": "Usar Audio Link",
    "audioLinkNotImported": "Audio Link no está importado.",
    "setUpAudioLink": "Configurar AudioLink",
    "setUpAudioLinkConfirm": "¿Deseas configurar AudioLink automáticamente?",
    "setUpAudioLinkFailed": "La configuración automática de Audio Link falló, por favor verifica si el paquete de Audio Link está dañado.",
    "syncSettings": "Configuración de Sincronización",
    "localMode": "Modo Local",
    "useVRCLV": "Usar Light Volume TVGI",
    "vrclvNotImported": "Light Volume no está importado."
  }
}